param,beta,se,p
const,-7.011564174586617,0.0018528372245067743,0.0
year_c,0.038288130615582616,4.207403347961058e-05,0.0
log_words,0.1126732080866889,0.00034212270252627315,0.0
