param,beta,se,p
const,-7.229739561110321,0.0013238799350335463,0.0
year_c,0.02898798145962289,1.818903291591469e-05,0.0
log_words,0.559805137541411,0.00025467118205250956,0.0
