param,beta,se,p
const,-7.806282753795888,0.0015525360180689927,0.0
year_c,0.027469994871684555,1.8949429959602113e-05,0.0
log_words,0.6606746408786195,0.0002978065466511634,0.0
