param,beta,se,p
const,-5.486327912448743,0.002462737839622949,0.0
year_c,0.03700342076741531,4.225195006298639e-05,0.0
log_words,-0.07750110947432307,0.0005397697139379245,0.0
