param,beta,se,p
const,-8.154380835202126,0.0036844023791137064,0.0
year_c,0.020474512164070535,3.693769597679904e-05,0.0
log_words,0.8270191242392013,0.0007425592502756437,0.0
