param,beta,se,p
const,-7.7293064880415185,0.0038316062830738118,0.0
year_c,0.020598806225666566,3.773644728725252e-05,0.0
log_words,0.7549873356778152,0.0007743201510182222,0.0
