doc_type,measure,n_years,N_total,OR_per_year,lo95,hi95,p
Research Article,abstract,16,16983476,1.0565356419195904,1.0565270605036639,1.0565442234052176,0.0
