doc_type,measure,n_years,N_total,OR_per_year,lo95,hi95,p
Research Article,title,16,16983476,1.039858824822643,1.0398530975413884,1.0398645521354424,0.0
